{
  "id": "1419676",
  "name": "java",
  "font_family": "iconfont",
  "css_prefix_text": "icon-",
  "description": "",
  "glyphs": [
    {
      "icon_id": "301853",
      "name": "星星",
      "font_class": "xingxing",
      "unicode": "e632",
      "unicode_decimal": 58930
    },
    {
      "icon_id": "791908",
      "name": "箭头",
      "font_class": "ai-arrow-down",
      "unicode": "e658",
      "unicode_decimal": 58968
    },
    {
      "icon_id": "1115053",
      "name": "箭头4",
      "font_class": "jiantou4",
      "unicode": "e625",
      "unicode_decimal": 58917
    },
    {
      "icon_id": "2674878",
      "name": "箭头 上",
      "font_class": "jiantoushang",
      "unicode": "e62c",
      "unicode_decimal": 58924
    },
    {
      "icon_id": "2700122",
      "name": "感叹号",
      "font_class": "gantanhao",
      "unicode": "e724",
      "unicode_decimal": 59172
    },
    {
      "icon_id": "4351453",
      "name": "搜索",
      "font_class": "sousuo",
      "unicode": "e688",
      "unicode_decimal": 59016
    },
    {
      "icon_id": "9113018",
      "name": "购物车",
      "font_class": "tubiao-",
      "unicode": "e614",
      "unicode_decimal": 58900
    }
  ]
}
